-- Inserir dados na Tabela Utilizador
-- Utilizadores dentro da faixa etária ADULTO JOVEM:
insert into `Utilizador` (`uti_id`, `uti_nomeP`, `uti_nomeU`, `uti_mail`, `uti_idade`, `uti_genero`, `uti_eventosTotal`, `uti_pontosTotal`, `uti_username`, `uti_rank`) values ('1', 'André', 'Costa', 'andre20@gmail.com', 25, 'Masculino', '2', 1, 'andre123', 'Principiante');
insert into `Utilizador` (`uti_id`, `uti_nomeP`, `uti_nomeU`, `uti_mail`, `uti_idade`, `uti_genero`, `uti_eventosTotal`, `uti_pontosTotal`, `uti_username`, `uti_rank`) values ('2', 'Francisco', 'Mateus', 'franmateus12@gmail.com', 22, 'Masculino', '2', 26, 'franmateus12', 'Amador');
insert into `Utilizador` (`uti_id`, `uti_nomeP`, `uti_nomeU`, `uti_mail`, `uti_idade`, `uti_genero`, `uti_eventosTotal`, `uti_pontosTotal`, `uti_username`, `uti_rank`) values ('7', 'Tomás', 'Belo', 'tomas744@gmail.com', 19, 'Masculino', '6', 43, 'tomas744', 'Amador');
insert into `Utilizador` (`uti_id`, `uti_nomeP`, `uti_nomeU`, `uti_mail`, `uti_idade`, `uti_genero`, `uti_eventosTotal`, `uti_pontosTotal`, `uti_username`, `uti_rank`) values ('11', 'Rafael', 'Brito', 'rafag099@gmail.com', 25, 'Masculino', '3', 23, 'rafag099', 'Principiante');
insert into `Utilizador` (`uti_id`, `uti_nomeP`, `uti_nomeU`, `uti_mail`, `uti_idade`, `uti_genero`, `uti_eventosTotal`, `uti_pontosTotal`, `uti_username`, `uti_rank`) values ('12', 'Lázaro', 'Capucho', 'lazarocapa123@gmail.com', 18, 'Masculino', '2', 10, 'lazarocapa123', 'Principiante');
insert into `Utilizador` (`uti_id`, `uti_nomeP`, `uti_nomeU`, `uti_mail`, `uti_idade`, `uti_genero`, `uti_eventosTotal`, `uti_pontosTotal`, `uti_username`, `uti_rank`) values ('13', 'Luís', 'Ramires', 'luisramires731@gmail.com', 27, 'Masculino', '6', 55, 'luisramires731', 'Profissional');
insert into `Utilizador` (`uti_id`, `uti_nomeP`, `uti_nomeU`, `uti_mail`, `uti_idade`, `uti_genero`, `uti_eventosTotal`, `uti_pontosTotal`, `uti_username`, `uti_rank`) values ('14', 'Aida', 'Azenha', 'aidaecobe652@gmail.com', 26, 'Feminino', '15', 89, 'aidaecobe652', 'Mestre');
insert into `Utilizador` (`uti_id`, `uti_nomeP`, `uti_nomeU`, `uti_mail`, `uti_idade`, `uti_genero`, `uti_eventosTotal`, `uti_pontosTotal`, `uti_username`, `uti_rank`) values ('15', 'Zoey', 'Vasques', 'zoeyvasques@gmail.com', 22, 'Masculino', '5', 32, 'zoeyvasques', 'Amador');
insert into `Utilizador` (`uti_id`, `uti_nomeP`, `uti_nomeU`, `uti_mail`, `uti_idade`, `uti_genero`, `uti_eventosTotal`, `uti_pontosTotal`, `uti_username`, `uti_rank`, `uti_password`) values ('16', 'Rebeca', 'Colares', 'rebecacola52@gmail.com', 19, 'Feminino', '3', 13, 'rebecacola52', 'Principiante', 'aaa123');
insert into `Utilizador` (`uti_id`, `uti_nomeP`, `uti_nomeU`, `uti_mail`, `uti_idade`, `uti_genero`, `uti_eventosTotal`, `uti_pontosTotal`, `uti_username`, `uti_rank`, `uti_password`) values ('17', 'Manuel', 'Breia', 'manubreia908@gmail.com', 24, 'Masculino', '9', 68, 'manubreia908', 'Profissional', 'bbb123');


-- Utilizadores dentro da faixa etária ADULTO (28-54):
insert into `Utilizador` (`uti_id`, `uti_nomeP`, `uti_nomeU`, `uti_mail`, `uti_idade`, `uti_genero`, `uti_eventosTotal`, `uti_pontosTotal`, `uti_username`, `uti_rank`) values ('3', 'Gonçalo', 'Antunes', 'goncalomatue@gmail.com', 28, 'Masculino', '2', 51, 'goncalomatue', 'Profissional');
insert into `Utilizador` (`uti_id`, `uti_nomeP`, `uti_nomeU`, `uti_mail`, `uti_idade`, `uti_genero`, `uti_eventosTotal`, `uti_pontosTotal`, `uti_username`, `uti_rank`) values ('5', 'Afonso', 'Matias', 'amatias3@gmail.com', 34, 'Masculino', '15', 89, 'amatias3', 'Mestre');
insert into `Utilizador` (`uti_id`, `uti_nomeP`, `uti_nomeU`, `uti_mail`, `uti_idade`, `uti_genero`, `uti_eventosTotal`, `uti_pontosTotal`, `uti_username`, `uti_rank`) values ('6', 'João', 'André', 'jotandre@gmail.com', 36, 'Masculino', '3', 12, 'jotandre', 'Principiante');
insert into `Utilizador` (`uti_id`, `uti_nomeP`, `uti_nomeU`, `uti_mail`, `uti_idade`, `uti_genero`, `uti_eventosTotal`, `uti_pontosTotal`, `uti_username`, `uti_rank`) values ('8', 'Mariana', 'Rosa', 'marianarosa2@gmail.com', 45, 'Feminino', '7', 43, 'marianarosa2', 'Amador');
insert into `Utilizador` (`uti_id`, `uti_nomeP`, `uti_nomeU`, `uti_mail`, `uti_idade`, `uti_genero`, `uti_eventosTotal`, `uti_pontosTotal`, `uti_username`, `uti_rank`) values ('9', 'Carolina', 'Flores', 'carolflores899@gmail.com', 34, 'Feminino', '10', 56, 'carolflores899', 'Profissional');
insert into `Utilizador` (`uti_id`, `uti_nomeP`, `uti_nomeU`, `uti_mail`, `uti_idade`, `uti_genero`, `uti_eventosTotal`, `uti_pontosTotal`, `uti_username`, `uti_rank`) values ('10', 'Inês', 'Maria', 'inesmaria457@gmail.com', 43, 'Feminino', '1', 13, 'inesmaria457', 'Principiante');
insert into `Utilizador` (`uti_id`, `uti_nomeP`, `uti_nomeU`, `uti_mail`, `uti_idade`, `uti_genero`, `uti_eventosTotal`, `uti_pontosTotal`, `uti_username`, `uti_rank`) values ('18', 'Vitória', 'Paixão', 'vitoriapaixao@gmail.com', 35, 'Feminino', '2', 11, 'vitoriapaixao333', 'Principiante');
insert into `Utilizador` (`uti_id`, `uti_nomeP`, `uti_nomeU`, `uti_mail`, `uti_idade`, `uti_genero`, `uti_eventosTotal`, `uti_pontosTotal`, `uti_username`, `uti_rank`) values ('19', 'João', 'Faria', 'joaofaria41@gmail.com', 49, 'Masculino', '5', 33, 'joaofaria41', 'Amador');
insert into `Utilizador` (`uti_id`, `uti_nomeP`, `uti_nomeU`, `uti_mail`, `uti_idade`, `uti_genero`, `uti_eventosTotal`, `uti_pontosTotal`, `uti_username`, `uti_rank`) values ('20', 'Katia', 'Barra', 'katiabarrinha621@gmail.com', 51, 'Feminino', '2', 12, 'katiabarrinha621', 'Principiante');
insert into `Utilizador` (`uti_id`, `uti_nomeP`, `uti_nomeU`, `uti_mail`, `uti_idade`, `uti_genero`, `uti_eventosTotal`, `uti_pontosTotal`, `uti_username`, `uti_rank`) values ('21', 'Lorenzo', 'Travassos', 'lotravasso@gmail.com', 29, 'Masculino', '5', 33, 'lotravasso', 'Amador');


-- Utilizadores dentro da faixa etária ADULTO SÉNIOR (55+ anos):
insert into `Utilizador` (`uti_id`, `uti_nomeP`, `uti_nomeU`, `uti_mail`, `uti_idade`, `uti_genero`, `uti_eventosTotal`, `uti_pontosTotal`, `uti_username`, `uti_rank`) values ('4', 'Pedro', 'Rocha', 'pedrorochax@gmail.com', 67, 'Masculino', '14', 78, 'pedrorocha033', 'Mestre');
insert into `Utilizador` (`uti_id`, `uti_nomeP`, `uti_nomeU`, `uti_mail`, `uti_idade`, `uti_genero`, `uti_eventosTotal`, `uti_pontosTotal`, `uti_username`, `uti_rank`) values ('22', 'Sabrina', 'Bragança', 'sabribraga007@gmail.com', 59, 'Feminino', '11', 66, 'sabribraga007', 'Profissional');
insert into `Utilizador` (`uti_id`, `uti_nomeP`, `uti_nomeU`, `uti_mail`, `uti_idade`, `uti_genero`, `uti_eventosTotal`, `uti_pontosTotal`, `uti_username`, `uti_rank`) values ('23', 'Wallace', 'Braga', 'wallabraga@gmail.com', 66, 'Masculino', '6', 48, 'wallabraga', 'Amador');
insert into `Utilizador` (`uti_id`, `uti_nomeP`, `uti_nomeU`, `uti_mail`, `uti_idade`, `uti_genero`, `uti_eventosTotal`, `uti_pontosTotal`, `uti_username`, `uti_rank`) values ('24', 'Alicia', 'Rego', 'aliciarego123@gmail.com', 71, 'Feminino', '2', 12, 'aliciarego123', 'Principiante');
insert into `Utilizador` (`uti_id`, `uti_nomeP`, `uti_nomeU`, `uti_mail`, `uti_idade`, `uti_genero`, `uti_eventosTotal`, `uti_pontosTotal`, `uti_username`, `uti_rank`) values ('25', 'Elisabeth', 'Durães', 'elidurao841@gmail.com', 74, 'Feminino', '2', 11, 'elidurao841', 'Principiante');
insert into `Utilizador` (`uti_id`, `uti_nomeP`, `uti_nomeU`, `uti_mail`, `uti_idade`, `uti_genero`, `uti_eventosTotal`, `uti_pontosTotal`, `uti_username`, `uti_rank`) values ('26', 'Samira', 'Lisboa', 'samilisbonecobe124@gmail.com', 61, 'Feminino', '1', 9, 'samilisbonecobe124', 'Principiante');
insert into `Utilizador` (`uti_id`, `uti_nomeP`, `uti_nomeU`, `uti_mail`, `uti_idade`, `uti_genero`, `uti_eventosTotal`, `uti_pontosTotal`, `uti_username`, `uti_rank`) values ('27', 'Gustavo', 'Salomão', 'gustasalomao41@gmail.com', 58, 'Masculino', '1', 5, 'gustasalomao41', 'Principiante');
insert into `Utilizador` (`uti_id`, `uti_nomeP`, `uti_nomeU`, `uti_mail`, `uti_idade`, `uti_genero`, `uti_eventosTotal`, `uti_pontosTotal`, `uti_username`, `uti_rank`) values ('28', 'Manuel', 'Telinhos', 'manutelos78@gmail.com', 60, 'Masculino', '7', 45, 'manutelos78', 'Amador');
insert into `Utilizador` (`uti_id`, `uti_nomeP`, `uti_nomeU`, `uti_mail`, `uti_idade`, `uti_genero`, `uti_eventosTotal`, `uti_pontosTotal`, `uti_username`, `uti_rank`) values ('29', 'Hamilton', 'Queirós', 'hamiltonquei@gmail.com', 68, 'Masculino', '10', 67, 'hamiltonquei', 'Profissional');
insert into `Utilizador` (`uti_id`, `uti_nomeP`, `uti_nomeU`, `uti_mail`, `uti_idade`, `uti_genero`, `uti_eventosTotal`, `uti_pontosTotal`, `uti_username`, `uti_rank`) values ('30', 'Amadeu', 'Clemente', 'amadaclemente99@gmail.com', 72, 'Masculino', '4', 33, 'amadaclemente99', 'Amador');



-- Faixas Etárias --> adulto jovem (18–27anos), adulto (28–54anos), adulto sénior (+55anos). 


-- Inserir dados na Tabela Staff
insert into `Staff` (`staff_nome`, `staff_datainicio`) values ('João Luz', '2021-01-07 16:12:07');
insert into `Staff` (`staff_nome`, `staff_datainicio`) values ('André Costa', '2021-01-08 15:11:03');
insert into `Staff` (`staff_nome`, `staff_datainicio`) values ('Ricardo Vidigal', '2021-01-09 12:53:26');
insert into `Staff` (`staff_nome`, `staff_datainicio`) values ('Gonçalo Feliciano', '2021-01-010 13:23:11');

-- Inserir dados na Tabela Colaborador
insert into `Colaborador` (`cola_nome`) values ('Afonso Martins');
insert into `Colaborador` (`cola_nome`) values ('Edgar Costa');
insert into `Colaborador` (`cola_nome`) values ('Inês Afonso');
insert into `Colaborador` (`cola_nome`) values ('António Mota');
insert into `Colaborador` (`cola_nome`) values ('Diego Jesus');
insert into `Colaborador` (`cola_nome`) values ('António Gomes');
insert into `Colaborador` (`cola_nome`) values ('João Caldeira');
insert into `Colaborador` (`cola_nome`) values ('David Oliveira');
insert into `Colaborador` (`cola_nome`) values ('João Moura');
insert into `Colaborador` (`cola_nome`) values ('Manuela Batista');

-- Inserir dados na Tabela Praias
insert into `Praias` (`praia_nome`, `praia_local`, `praia_latitude`, `praia_longitude`) values ('Praia da Areia Branca', 'Lourinhã', 39.25, -9.3333);
insert into `Praias` (`praia_nome`, `praia_local`, `praia_latitude`, `praia_longitude`) values ('Praia de São Julião', 'Sintra', 38.93241817, -9.41855965);
insert into `Praias` (`praia_nome`, `praia_local`, `praia_latitude`, `praia_longitude`) values ('Praia do Magoito', 'Sintra', 38.8634, -9.4491);
insert into `Praias` (`praia_nome`, `praia_local`, `praia_latitude`, `praia_longitude`) values ('Praia da Adraga', 'Sintra', 38.803387, -9.48522);
insert into `Praias` (`praia_nome`, `praia_local`, `praia_latitude`, `praia_longitude`) values ('Praia do Guincho', 'Cascais', 38.73247, -9.47248);
insert into `Praias` (`praia_nome`, `praia_local`, `praia_latitude`, `praia_longitude`) values ('Praia do Tamariz', 'Estoril', 38.7026, -9.3987);
insert into `Praias` (`praia_nome`, `praia_local`, `praia_latitude`, `praia_longitude`) values ('Praia de Carcavelos', 'Cascais', 38.679240, -9.335326);
insert into `Praias` (`praia_nome`, `praia_local`, `praia_latitude`, `praia_longitude`) values ('Praia das Maçãs', 'Sintra', 38.824978, -9.469947);
insert into `Praias` (`praia_nome`, `praia_local`, `praia_latitude`, `praia_longitude`) values ('Praia das Bicas', 'Cascais', 38.463676, -9.192943);
insert into `Praias` (`praia_nome`, `praia_local`, `praia_latitude`, `praia_longitude`) values ('Praia da Morena', 'Costa da Caparica', 38.602946, -9.211156);

-- Inserir dados na Tabela Evento
-- Eventos NÃO INICIADOS:
insert into `Evento` (`eve_id`, `eve_lotacao`, `eve_estado`, `eve_categoria`, `eve_datainicio`, `eve_cola_id`, `eve_praia_id`) values (1, 1, 'Não iniciado', 'Adulto Jovem', '2021-12-22 14:00:00', 1, 1);
insert into `Evento` (`eve_id`, `eve_lotacao`, `eve_estado`, `eve_categoria`, `eve_datainicio`, `eve_cola_id`, `eve_praia_id`) values (2, 3, 'Não iniciado', 'Adulto', '2021-12-24 13:00:00', 2, 2);
insert into `Evento` (`eve_id`, `eve_lotacao`, `eve_estado`, `eve_categoria`, `eve_datainicio`, `eve_cola_id`, `eve_praia_id`) values (7, 5, 'Não iniciado', 'Adulto Sénior', '2021-12-23 11:00:00', 10, 10);

-- Eventos INICIADO:
insert into `Evento` (`eve_id`, `eve_lotacao`, `eve_estado`, `eve_categoria`, `eve_datainicio`, `eve_cola_id`, `eve_praia_id`) values (8, 10, 'Iniciado', 'Adulto Jovem', '2021-12-23 11:00:00', 9, 9);
insert into `Evento` (`eve_id`, `eve_lotacao`, `eve_estado`, `eve_categoria`, `eve_datainicio`, `eve_cola_id`, `eve_praia_id`) values (9, 10, 'Iniciado', 'Adulto', '2021-12-23 11:00:00', 8, 8);
insert into `Evento` (`eve_id`, `eve_lotacao`, `eve_estado`, `eve_categoria`, `eve_datainicio`, `eve_cola_id`, `eve_praia_id`) values (10, 10, 'Iniciado', 'Adulto Sénior', '2021-12-23 11:00:00', 7, 7);


-- Eventos FINALIZADOS:
insert into `Evento` (`eve_id`, `eve_lotacao`, `eve_estado`, `eve_categoria`, `eve_datainicio`, `eve_datafim`, `eve_cola_id`, `eve_praia_id`) values (3, 10, 'Finalizado', 'Misto', '2021-10-06 16:00:00', '2021-10-06 21:00:00', 1, 3);
insert into `Evento` (`eve_id`, `eve_lotacao`, `eve_estado`, `eve_categoria`, `eve_datainicio`, `eve_datafim`, `eve_cola_id`, `eve_praia_id`) values (4, 10, 'Finalizado', 'Adulto Jovem', '2021-10-06 15:00:00', '2021-10-06 20:00:00', 4, 4);
insert into `Evento` (`eve_id`, `eve_lotacao`, `eve_estado`, `eve_categoria`, `eve_datainicio`, `eve_datafim`, `eve_cola_id`, `eve_praia_id`) values (5, 10, 'Finalizado', 'Adulto', '2021-10-09 11:00:00', '2021-10-09 16:00:00', 5, 5);
insert into `Evento` (`eve_id`, `eve_lotacao`, `eve_estado`, `eve_categoria`, `eve_datainicio`, `eve_datafim`, `eve_cola_id`, `eve_praia_id`) values (6, 10, 'Finalizado', 'Adulto Sénior', '2021-10-07 12:00:00', '2021-10-07 17:00:00', 6, 6);


-- Inserir dados na Tabela Participa
-- EVENTO ID:1
insert into `participa` (`par_uti_id`, `par_eve_id`) values (1, 1);
-- EVENTO ID:2
insert into `participa` (`par_uti_id`, `par_eve_id`) values (10, 2);
insert into `participa` (`par_uti_id`, `par_eve_id`) values (8, 2);
insert into `participa` (`par_uti_id`, `par_eve_id`) values (9, 2);
-- EVENTO ID:3
insert into `participa` (`par_lixo`, `par_uti_id`, `par_eve_id`) values ( 10, 1, 3);
insert into `participa` (`par_lixo`, `par_uti_id`, `par_eve_id`) values ( 2, 2, 3);
insert into `participa` (`par_lixo`, `par_uti_id`, `par_eve_id`) values ( 3, 3, 3);
insert into `participa` (`par_lixo`, `par_uti_id`, `par_eve_id`) values ( 5, 4, 3);
insert into `participa` (`par_lixo`, `par_uti_id`, `par_eve_id`) values ( 6, 5, 3);
insert into `participa` (`par_lixo`, `par_uti_id`, `par_eve_id`) values ( 1, 6, 3);
insert into `participa` (`par_lixo`, `par_uti_id`, `par_eve_id`) values ( 9, 7, 3);
insert into `participa` (`par_lixo`, `par_uti_id`, `par_eve_id`) values ( 23, 8, 3);
insert into `participa` (`par_lixo`, `par_uti_id`, `par_eve_id`) values ( 14, 9, 3);
insert into `participa` (`par_lixo`, `par_uti_id`, `par_eve_id`) values ( 25, 10, 3);
-- EVENTO ID:4 	
insert into `participa` (`par_lixo`, `par_uti_id`, `par_eve_id`) values ( 10, 1, 4);
insert into `participa` (`par_lixo`, `par_uti_id`, `par_eve_id`) values ( 2, 2, 4);
insert into `participa` (`par_lixo`, `par_uti_id`, `par_eve_id`) values ( 3, 7, 4);
insert into `participa` (`par_lixo`, `par_uti_id`, `par_eve_id`) values ( 5, 11, 4);
insert into `participa` (`par_lixo`, `par_uti_id`, `par_eve_id`) values ( 6, 12, 4);
insert into `participa` (`par_lixo`, `par_uti_id`, `par_eve_id`) values ( 1, 13, 4);
insert into `participa` (`par_lixo`, `par_uti_id`, `par_eve_id`) values ( 9, 14, 4);
insert into `participa` (`par_lixo`, `par_uti_id`, `par_eve_id`) values ( 23, 15, 4);
insert into `participa` (`par_lixo`, `par_uti_id`, `par_eve_id`) values ( 14, 16, 4);
insert into `participa` (`par_lixo`, `par_uti_id`, `par_eve_id`) values ( 25, 17, 4);
-- EVENTO ID:5 	
insert into `participa` (`par_lixo`, `par_uti_id`, `par_eve_id`) values ( 10, 3, 5);
insert into `participa` (`par_lixo`, `par_uti_id`, `par_eve_id`) values ( 2, 5, 5);
insert into `participa` (`par_lixo`, `par_uti_id`, `par_eve_id`) values ( 3, 6, 5);
insert into `participa` (`par_lixo`, `par_uti_id`, `par_eve_id`) values ( 5, 8, 5);
insert into `participa` (`par_lixo`, `par_uti_id`, `par_eve_id`) values ( 6, 9, 5);
insert into `participa` (`par_lixo`, `par_uti_id`, `par_eve_id`) values ( 1, 10, 5);
insert into `participa` (`par_lixo`, `par_uti_id`, `par_eve_id`) values ( 9, 18, 5);
insert into `participa` (`par_lixo`, `par_uti_id`, `par_eve_id`) values ( 23, 19, 5);
insert into `participa` (`par_lixo`, `par_uti_id`, `par_eve_id`) values ( 14, 20, 5);
insert into `participa` (`par_lixo`, `par_uti_id`, `par_eve_id`) values ( 25, 21, 5);
-- EVENTO ID:6 	
insert into `participa` (`par_lixo`, `par_uti_id`, `par_eve_id`) values ( 10, 4, 6);
insert into `participa` (`par_lixo`, `par_uti_id`, `par_eve_id`) values ( 2, 22, 6);
insert into `participa` (`par_lixo`, `par_uti_id`, `par_eve_id`) values ( 3, 23, 6);
insert into `participa` (`par_lixo`, `par_uti_id`, `par_eve_id`) values ( 5, 24, 6);
insert into `participa` (`par_lixo`, `par_uti_id`, `par_eve_id`) values ( 6, 25, 6);
insert into `participa` (`par_lixo`, `par_uti_id`, `par_eve_id`) values ( 1, 26, 6);
insert into `participa` (`par_lixo`, `par_uti_id`, `par_eve_id`) values ( 9, 27, 6);
insert into `participa` (`par_lixo`, `par_uti_id`, `par_eve_id`) values ( 23, 28, 6);
insert into `participa` (`par_lixo`, `par_uti_id`, `par_eve_id`) values ( 14, 29, 6);
insert into `participa` (`par_lixo`, `par_uti_id`, `par_eve_id`) values ( 25, 30, 6);
-- EVENTO ID:7	
insert into `participa` (`par_uti_id`, `par_eve_id`) values (4, 7);
insert into `participa` (`par_uti_id`, `par_eve_id`) values (22, 7);
insert into `participa` (`par_uti_id`, `par_eve_id`) values (23, 7);
insert into `participa` (`par_uti_id`, `par_eve_id`) values (24, 7);
insert into `participa` (`par_uti_id`, `par_eve_id`) values (25, 7);
-- EVENTO ID:8
insert into `participa` (`par_lixo`, `par_uti_id`, `par_eve_id`) values ( 10, 1, 8);
insert into `participa` (`par_uti_id`, `par_eve_id`) values (2, 8);
insert into `participa` (`par_lixo`, `par_uti_id`, `par_eve_id`) values (3, 7, 8);
insert into `participa` (`par_lixo`, `par_uti_id`, `par_eve_id`) values (5, 11, 8);
insert into `participa` (`par_uti_id`, `par_eve_id`) values (12, 8);
insert into `participa` (`par_lixo`, `par_uti_id`, `par_eve_id`) values (1, 13, 8);
insert into `participa` (`par_uti_id`, `par_eve_id`) values (14, 8);
insert into `participa` (`par_lixo`, `par_uti_id`, `par_eve_id`) values (23, 15, 8);
insert into `participa` (`par_uti_id`, `par_eve_id`) values (16, 8);
insert into `participa` (`par_uti_id`, `par_eve_id`) values (17, 8);
-- EVENTO ID:9
insert into `participa` (`par_lixo`, `par_uti_id`, `par_eve_id`) values (10, 3, 9);
insert into `participa` (`par_uti_id`, `par_eve_id`) values (5, 9);
insert into `participa` (`par_lixo`, `par_uti_id`, `par_eve_id`) values (3, 6, 9);
insert into `participa` (`par_lixo`, `par_uti_id`, `par_eve_id`) values (5, 8, 9);
insert into `participa` (`par_uti_id`, `par_eve_id`) values (9, 9);
insert into `participa` (`par_lixo`, `par_uti_id`, `par_eve_id`) values (1, 10, 9);
insert into `participa` (`par_uti_id`, `par_eve_id`) values (18, 9);
insert into `participa` (`par_lixo`, `par_uti_id`, `par_eve_id`) values (23, 19, 9);
insert into `participa` (`par_uti_id`, `par_eve_id`) values (20, 9);
insert into `participa` (`par_uti_id`, `par_eve_id`) values (21, 9);
-- EVENTO ID:10
insert into `participa` (`par_lixo`, `par_uti_id`, `par_eve_id`) values (10, 3, 10);
insert into `participa` (`par_uti_id`, `par_eve_id`) values (5, 10);
insert into `participa` (`par_lixo`, `par_uti_id`, `par_eve_id`) values (3, 6, 10);
insert into `participa` (`par_lixo`, `par_uti_id`, `par_eve_id`) values (5, 8, 10);
insert into `participa` (`par_uti_id`, `par_eve_id`) values (9, 10);
insert into `participa` (`par_lixo`, `par_uti_id`, `par_eve_id`) values ( 1, 10, 10);
insert into `participa` (`par_uti_id`, `par_eve_id`) values (18, 10);
insert into `participa` (`par_lixo`, `par_uti_id`, `par_eve_id`) values (23, 19, 10);
insert into `participa` (`par_uti_id`, `par_eve_id`) values (20, 10);
insert into `participa` (`par_uti_id`, `par_eve_id`) values (21, 10);


UPDATE `ecobe`.`Colaborador` SET `cola_username` = 'afamartins003', `cola_password` = 'aa123' WHERE (`cola_id` = '1');
UPDATE `ecobe`.`Colaborador` SET `cola_username` = 'edgarcost31', `cola_password` = 'aa123' WHERE (`cola_id` = '2');
UPDATE `ecobe`.`Colaborador` SET `cola_username` = 'inesafonso055', `cola_password` = 'aa123' WHERE (`cola_id` = '3');
UPDATE `ecobe`.`Colaborador` SET `cola_username` = 'antonymotta68', `cola_password` = 'aa123' WHERE (`cola_id` = '4');
UPDATE `ecobe`.`Colaborador` SET `cola_username` = 'diegojuse13', `cola_password` = 'aa123' WHERE (`cola_id` = '5');
UPDATE `ecobe`.`Colaborador` SET `cola_username` = 'antonygomez86', `cola_password` = 'aa123' WHERE (`cola_id` = '6');
UPDATE `ecobe`.`Colaborador` SET `cola_username` = 'johncalds12', `cola_password` = 'aa123' WHERE (`cola_id` = '7');
UPDATE `ecobe`.`Colaborador` SET `cola_username` = 'davidvilla91', `cola_password` = 'aa123' WHERE (`cola_id` = '8');
UPDATE `ecobe`.`Colaborador` SET `cola_username` = 'johnymoura65', `cola_password` = 'aa123' WHERE (`cola_id` = '9');
UPDATE `ecobe`.`Colaborador` SET `cola_username` = 'manubatista', `cola_password` = 'aa123' WHERE (`cola_id` = '10');

UPDATE `ecobe`.`Colaborador` SET `cola_password` = 'a123' WHERE (`cola_id` = '2');
UPDATE `ecobe`.`Colaborador` SET `cola_password` = 'bb13' WHERE (`cola_id` = '3');
UPDATE `ecobe`.`Colaborador` SET `cola_password` = 'ca1' WHERE (`cola_id` = '4');
UPDATE `ecobe`.`Colaborador` SET `cola_password` = 'da31' WHERE (`cola_id` = '5');
UPDATE `ecobe`.`Colaborador` SET `cola_password` = 'zasze3' WHERE (`cola_id` = '6');
UPDATE `ecobe`.`Colaborador` SET `cola_password` = 'cacrw2' WHERE (`cola_id` = '7');
UPDATE `ecobe`.`Colaborador` SET `cola_password` = 'ce3f' WHERE (`cola_id` = '8');
UPDATE `ecobe`.`Colaborador` SET `cola_password` = 'vae4' WHERE (`cola_id` = '9');
UPDATE `ecobe`.`Colaborador` SET `cola_password` = 'amun2' WHERE (`cola_id` = '10');

INSERT INTO `ecobe`.`OnFireEvents` (`ofe_id`, `ofe_eve_id`, `ofe_num`) VALUES ('1', '1', '0');
INSERT INTO `ecobe`.`OnFireEvents` (`ofe_id`, `ofe_eve_id`, `ofe_num`) VALUES ('2', '2', '0');
INSERT INTO `ecobe`.`OnFireEvents` (`ofe_id`, `ofe_eve_id`, `ofe_num`) VALUES ('3', '7', '0');